[{
  "_id": {
    "$oid": "688ffae39c97ecfcd239c795"
  },
  "pais": "Afghanistan",
  "uso diario agua per capita(litros)": "2,76",
  "consumo anuel de agua(m3)": "20,280,000,000",
  "poblacion": "20,130,327",
  "año": 2000
},
{
  "_id": {
    "$oid": "688ffae39c97ecfcd239c796"
  },
  "pais": "Albania",
  "uso diario agua per capita(litros)": "1,177",
  "consumo anuel de agua(m3)": "1,311,000,000",
  "poblacion": "3,050,809",
  "año": 2006
},
{
  "_id": {
    "$oid": "688ffae39c97ecfcd239c797"
  },
  "pais": "Algeria",
  "uso diario agua per capita(litros)": 669,
  "consumo anuel de agua(m3)": "9,978,000,000",
  "poblacion": "40,850,721",
  "año": 2016
},
{
  "_id": {
    "$oid": "688ffae39c97ecfcd239c798"
  },
  "pais": "Angola",
  "uso diario agua per capita(litros)": 100,
  "consumo anuel de agua(m3)": "705,800,000",
  "poblacion": "19,291,161",
  "año": 2005
},
{
  "_id": {
    "$oid": "688ffae39c97ecfcd239c799"
  },
  "pais": "Antigua and Barbuda",
  "uso diario agua per capita(litros)": 361,
  "consumo anuel de agua(m3)": "11,500,000",
  "poblacion": "87,260",
  "año": 2012
},
{
  "_id": {
    "$oid": "688ffae39c97ecfcd239c79a"
  },
  "pais": "Argentina",
  "uso diario agua per capita(litros)": "2,48",
  "consumo anuel de agua(m3)": "37,780,000,000",
  "poblacion": "41,730,660",
  "año": 2011
},
{
  "_id": {
    "$oid": "688ffae39c97ecfcd239c79b"
  },
  "pais": "Armenia",
  "uso diario agua per capita(litros)": "2,676",
  "consumo anuel de agua(m3)": "2,847,000,000",
  "poblacion": "2,914,963",
  "año": 2017
},
{
  "_id": {
    "$oid": "688ffae39c97ecfcd239c79c"
  },
  "pais": "Australia",
  "uso diario agua per capita(litros)": "1,816",
  "consumo anuel de agua(m3)": "16,130,000,000",
  "poblacion": "24,329,963",
  "año": 2016
},
{
  "_id": {
    "$oid": "688ffae39c97ecfcd239c79d"
  },
  "pais": "Austria",
  "uso diario agua per capita(litros)": "1,144",
  "consumo anuel de agua(m3)": "3,492,000,000",
  "poblacion": "8,365,092",
  "año": 2010
},
{
  "_id": {
    "$oid": "688ffae39c97ecfcd239c79e"
  },
  "pais": "Azerbaijan",
  "uso diario agua per capita(litros)": "3,512",
  "consumo anuel de agua(m3)": "12,780,000,000",
  "poblacion": "9,968,510",
  "año": 2017
},
{
  "_id": {
    "$oid": "688ffae39c97ecfcd239c79f"
  },
  "pais": "Bahrain",
  "uso diario agua per capita(litros)": 832,
  "consumo anuel de agua(m3)": "434,400,000",
  "poblacion": "1,429,604",
  "año": 2016
},
{
  "_id": {
    "$oid": "688ffae39c97ecfcd239c7a0"
  },
  "pais": "Bangladesh",
  "uso diario agua per capita(litros)": 657,
  "consumo anuel de agua(m3)": "35,870,000,000",
  "poblacion": "149,474,264",
  "año": 2008
},
{
  "_id": {
    "$oid": "688ffae39c97ecfcd239c7a1"
  },
  "pais": "Barbados",
  "uso diario agua per capita(litros)": 826,
  "consumo anuel de agua(m3)": "81,000,000",
  "poblacion": "268,706",
  "año": 2005
},
{
  "_id": {
    "$oid": "688ffae39c97ecfcd239c7a2"
  },
  "pais": "Belarus",
  "uso diario agua per capita(litros)": 419,
  "consumo anuel de agua(m3)": "1,452,000,000",
  "poblacion": "9,499,064",
  "año": 2016
},
{
  "_id": {
    "$oid": "688ffae39c97ecfcd239c7a3"
  },
  "pais": "Belgium",
  "uso diario agua per capita(litros)": "1,522",
  "consumo anuel de agua(m3)": "6,005,000,000",
  "poblacion": "10,812,935",
  "año": 2009
},
{
  "_id": {
    "$oid": "688ffae39c97ecfcd239c7a4"
  },
  "pais": "Belize",
  "uso diario agua per capita(litros)": "1,149",
  "consumo anuel de agua(m3)": "101,000,000",
  "poblacion": "240,799",
  "año": 2000
},
{
  "_id": {
    "$oid": "688ffae39c97ecfcd239c7a5"
  },
  "pais": "Benin",
  "uso diario agua per capita(litros)": 48,
  "consumo anuel de agua(m3)": "130,000,000",
  "poblacion": "7,445,596",
  "año": 2001
},
{
  "_id": {
    "$oid": "688ffae39c97ecfcd239c7a6"
  },
  "pais": "Bhutan",
  "uso diario agua per capita(litros)": "1,349",
  "consumo anuel de agua(m3)": "338,000,000",
  "poblacion": "686,351",
  "año": 2008
},
{
  "_id": {
    "$oid": "688ffae39c97ecfcd239c7a7"
  },
  "pais": "Bolivia",
  "uso diario agua per capita(litros)": 571,
  "consumo anuel de agua(m3)": "2,088,000,000",
  "poblacion": "10,016,275",
  "año": 2009
},
{
  "_id": {
    "$oid": "688ffae39c97ecfcd239c7a8"
  },
  "pais": "Bosnia and Herzegovina",
  "uso diario agua per capita(litros)": 249,
  "consumo anuel de agua(m3)": "327,900,000",
  "poblacion": "3,610,859",
  "año": 2013
},
{
  "_id": {
    "$oid": "688ffae39c97ecfcd239c7a9"
  },
  "pais": "Botswana",
  "uso diario agua per capita(litros)": 247,
  "consumo anuel de agua(m3)": "201,300,000",
  "poblacion": "2,234,776",
  "año": 2016
},
{
  "_id": {
    "$oid": "688ffae39c97ecfcd239c7aa"
  },
  "pais": "Brazil",
  "uso diario agua per capita(litros)": 856,
  "consumo anuel de agua(m3)": "63,500,000,000",
  "poblacion": "203,218,114",
  "año": 2016
},
{
  "_id": {
    "$oid": "688ffae39c97ecfcd239c7ab"
  },
  "pais": "Brunei",
  "uso diario agua per capita(litros)": 887,
  "consumo anuel de agua(m3)": "92,000,000",
  "poblacion": "284,091",
  "año": 1994
},
{
  "_id": {
    "$oid": "688ffae39c97ecfcd239c7ac"
  },
  "pais": "Bulgaria",
  "uso diario agua per capita(litros)": "2,149",
  "consumo anuel de agua(m3)": "5,629,000,000",
  "poblacion": "7,177,517",
  "año": 2015
},
{
  "_id": {
    "$oid": "688ffae39c97ecfcd239c7ad"
  },
  "pais": "Burkina Faso",
  "uso diario agua per capita(litros)": 161,
  "consumo anuel de agua(m3)": "818,000,000",
  "poblacion": "13,932,123",
  "año": 2005
},
{
  "_id": {
    "$oid": "688ffae39c97ecfcd239c7ae"
  },
  "pais": "Burundi",
  "uso diario agua per capita(litros)": 122,
  "consumo anuel de agua(m3)": "288,000,000",
  "poblacion": "6,470,194",
  "año": 2000
},
{
  "_id": {
    "$oid": "688ffae39c97ecfcd239c7af"
  },
  "pais": "Cabo Verde",
  "uso diario agua per capita(litros)": 131,
  "consumo anuel de agua(m3)": "22,000,000",
  "poblacion": "460,293",
  "año": 2001
},
{
  "_id": {
    "$oid": "688ffae39c97ecfcd239c7b0"
  },
  "pais": "Cambodia",
  "uso diario agua per capita(litros)": 439,
  "consumo anuel de agua(m3)": "2,184,000,000",
  "poblacion": "13,639,028",
  "año": 2006
},
{
  "_id": {
    "$oid": "688ffae39c97ecfcd239c7b1"
  },
  "pais": "Cameroon",
  "uso diario agua per capita(litros)": 178,
  "consumo anuel de agua(m3)": "966,400,000",
  "poblacion": "14,912,631",
  "año": 2000
},
{
  "_id": {
    "$oid": "688ffae39c97ecfcd239c7b2"
  },
  "pais": "Canada",
  "uso diario agua per capita(litros)": "2,722",
  "consumo anuel de agua(m3)": "35,730,000,000",
  "poblacion": "35,962,234",
  "año": 2015
},
{
  "_id": {
    "$oid": "688ffae39c97ecfcd239c7b3"
  },
  "pais": "Central African Republic",
  "uso diario agua per capita(litros)": 46,
  "consumo anuel de agua(m3)": "72,500,000",
  "poblacion": "4,288,810",
  "año": 2005
},
{
  "_id": {
    "$oid": "688ffae39c97ecfcd239c7b4"
  },
  "pais": "Chad",
  "uso diario agua per capita(litros)": 233,
  "consumo anuel de agua(m3)": "879,600,000",
  "poblacion": "10,328,092",
  "año": 2005
},
{
  "_id": {
    "$oid": "688ffae39c97ecfcd239c7b5"
  },
  "pais": "Chile",
  "uso diario agua per capita(litros)": "5,88",
  "consumo anuel de agua(m3)": "35,430,000,000",
  "poblacion": "16,509,195",
  "año": 2006
},
{
  "_id": {
    "$oid": "688ffae39c97ecfcd239c7b6"
  },
  "pais": "China",
  "uso diario agua per capita(litros)": "1,174",
  "consumo anuel de agua(m3)": "598,100,000,000",
  "poblacion": "1,396,134,174",
  "año": 2015
},
{
  "_id": {
    "$oid": "688ffae39c97ecfcd239c7b7"
  },
  "pais": "Colombia",
  "uso diario agua per capita(litros)": 737,
  "consumo anuel de agua(m3)": "11,770,000,000",
  "poblacion": "43,758,808",
  "año": 2008
},
{
  "_id": {
    "$oid": "688ffae39c97ecfcd239c7b8"
  },
  "pais": "Comoros",
  "uso diario agua per capita(litros)": 52,
  "consumo anuel de agua(m3)": "10,000,000",
  "poblacion": "525,886",
  "año": 1999
},
{
  "_id": {
    "$oid": "688ffae39c97ecfcd239c7b9"
  },
  "pais": "Congo",
  "uso diario agua per capita(litros)": 38,
  "consumo anuel de agua(m3)": "46,000,000",
  "poblacion": "3,350,771",
  "año": 2002
},
{
  "_id": {
    "$oid": "688ffae39c97ecfcd239c7ba"
  },
  "pais": "Costa Rica",
  "uso diario agua per capita(litros)": "1,816",
  "consumo anuel de agua(m3)": "3,194,000,000",
  "poblacion": "4,818,038",
  "año": 2015
},
{
  "_id": {
    "$oid": "688ffae39c97ecfcd239c7bb"
  },
  "pais": "Côte d'Ivoire",
  "uso diario agua per capita(litros)": 130,
  "consumo anuel de agua(m3)": "1,162,000,000",
  "poblacion": "24,527,395",
  "año": 2014
},
{
  "_id": {
    "$oid": "688ffae39c97ecfcd239c7bc"
  },
  "pais": "Croatia",
  "uso diario agua per capita(litros)": 409,
  "consumo anuel de agua(m3)": "633,800,000",
  "poblacion": "4,242,398",
  "año": 2013
},
{
  "_id": {
    "$oid": "688ffae39c97ecfcd239c7bd"
  },
  "pais": "Cuba",
  "uso diario agua per capita(litros)": "1,688",
  "consumo anuel de agua(m3)": "6,959,000,000",
  "poblacion": "11,298,167",
  "año": 2013
},
{
  "_id": {
    "$oid": "688ffae39c97ecfcd239c7be"
  },
  "pais": "Cyprus",
  "uso diario agua per capita(litros)": 702,
  "consumo anuel de agua(m3)": "317,000,000",
  "poblacion": "1,237,112",
  "año": 2016
},
{
  "_id": {
    "$oid": "688ffae39c97ecfcd239c7bf"
  },
  "pais": "Czech Republic (Czechia)",
  "uso diario agua per capita(litros)": 425,
  "consumo anuel de agua(m3)": "1,635,000,000",
  "poblacion": "10,531,948",
  "año": 2016
},
{
  "_id": {
    "$oid": "688ffae39c97ecfcd239c7c0"
  },
  "pais": "Denmark",
  "uso diario agua per capita(litros)": 319,
  "consumo anuel de agua(m3)": "652,000,000",
  "poblacion": "5,591,917",
  "año": 2012
},
{
  "_id": {
    "$oid": "688ffae39c97ecfcd239c7c1"
  },
  "pais": "Djibouti",
  "uso diario agua per capita(litros)": 70,
  "consumo anuel de agua(m3)": "19,000,000",
  "poblacion": "747,318",
  "año": 2000
},
{
  "_id": {
    "$oid": "688ffae39c97ecfcd239c7c2"
  },
  "pais": "Dominica",
  "uso diario agua per capita(litros)": 796,
  "consumo anuel de agua(m3)": "20,000,000",
  "poblacion": "68,859",
  "año": 2010
},
{
  "_id": {
    "$oid": "688ffae39c97ecfcd239c7c3"
  },
  "pais": "Dominican Republic",
  "uso diario agua per capita(litros)": "1,996",
  "consumo anuel de agua(m3)": "7,156,000,000",
  "poblacion": "9,820,175",
  "año": 2010
},
{
  "_id": {
    "$oid": "688ffae39c97ecfcd239c7c4"
  },
  "pais": "DR Congo",
  "uso diario agua per capita(litros)": 32,
  "consumo anuel de agua(m3)": "683,600,000",
  "poblacion": "58,775,724",
  "año": 2005
},
{
  "_id": {
    "$oid": "688ffae39c97ecfcd239c7c5"
  },
  "pais": "Ecuador",
  "uso diario agua per capita(litros)": "1,962",
  "consumo anuel de agua(m3)": "9,918,000,000",
  "poblacion": "13,846,163",
  "año": 2005
},
{
  "_id": {
    "$oid": "688ffae39c97ecfcd239c7c6"
  },
  "pais": "Egypt",
  "uso diario agua per capita(litros)": "2,048",
  "consumo anuel de agua(m3)": "77,500,000,000",
  "poblacion": "103,696,057",
  "año": 2017
},
{
  "_id": {
    "$oid": "688ffae39c97ecfcd239c7c7"
  },
  "pais": "El Salvador",
  "uso diario agua per capita(litros)": 966,
  "consumo anuel de agua(m3)": "2,118,000,000",
  "poblacion": "6,005,578",
  "año": 2005
},
{
  "_id": {
    "$oid": "688ffae39c97ecfcd239c7c8"
  },
  "pais": "Equatorial Guinea",
  "uso diario agua per capita(litros)": 68,
  "consumo anuel de agua(m3)": "17,400,000",
  "poblacion": "703,279",
  "año": 2000
},
{
  "_id": {
    "$oid": "688ffae39c97ecfcd239c7c9"
  },
  "pais": "Eritrea",
  "uso diario agua per capita(litros)": 614,
  "consumo anuel de agua(m3)": "582,000,000",
  "poblacion": "2,598,284",
  "año": 2004
},
{
  "_id": {
    "$oid": "688ffae39c97ecfcd239c7ca"
  },
  "pais": "Estonia",
  "uso diario agua per capita(litros)": "3,585",
  "consumo anuel de agua(m3)": "1,720,000,000",
  "poblacion": "1,314,452",
  "año": 2014
},
{
  "_id": {
    "$oid": "688ffae39c97ecfcd239c7cb"
  },
  "pais": "Eswatini",
  "uso diario agua per capita(litros)": "2,741",
  "consumo anuel de agua(m3)": "1,042,000,000",
  "poblacion": "1,041,414",
  "año": 2000
},
{
  "_id": {
    "$oid": "688ffae39c97ecfcd239c7cc"
  },
  "pais": "Ethiopia",
  "uso diario agua per capita(litros)": 271,
  "consumo anuel de agua(m3)": "10,550,000,000",
  "poblacion": "106,718,162",
  "año": 2016
},
{
  "_id": {
    "$oid": "688ffae39c97ecfcd239c7cd"
  },
  "pais": "Fiji",
  "uso diario agua per capita(litros)": 264,
  "consumo anuel de agua(m3)": "84,900,000",
  "poblacion": "882,379",
  "año": 2005
},
{
  "_id": {
    "$oid": "688ffae39c97ecfcd239c7ce"
  },
  "pais": "Finland",
  "uso diario agua per capita(litros)": "3,414",
  "consumo anuel de agua(m3)": "6,562,000,000",
  "poblacion": "5,266,247",
  "año": 2006
},
{
  "_id": {
    "$oid": "688ffae39c97ecfcd239c7cf"
  },
  "pais": "France",
  "uso diario agua per capita(litros)": "1,236",
  "consumo anuel de agua(m3)": "29,370,000,000",
  "poblacion": "65,086,855",
  "año": 2016
},
{
  "_id": {
    "$oid": "688ffae39c97ecfcd239c7d0"
  },
  "pais": "Gabon",
  "uso diario agua per capita(litros)": 260,
  "consumo anuel de agua(m3)": "139,100,000",
  "poblacion": "1,463,495",
  "año": 2005
},
{
  "_id": {
    "$oid": "688ffae39c97ecfcd239c7d1"
  },
  "pais": "Gambia",
  "uso diario agua per capita(litros)": 170,
  "consumo anuel de agua(m3)": "90,500,000",
  "poblacion": "1,455,084",
  "año": 2000
},
{
  "_id": {
    "$oid": "688ffae39c97ecfcd239c7d2"
  },
  "pais": "Georgia",
  "uso diario agua per capita(litros)": "1,267",
  "consumo anuel de agua(m3)": "1,823,000,000",
  "poblacion": "3,941,195",
  "año": 2008
},
{
  "_id": {
    "$oid": "688ffae39c97ecfcd239c7d3"
  },
  "pais": "Germany",
  "uso diario agua per capita(litros)": 856,
  "consumo anuel de agua(m3)": "25,330,000,000",
  "poblacion": "81,041,582",
  "año": 2013
},
{
  "_id": {
    "$oid": "688ffae39c97ecfcd239c7d4"
  },
  "pais": "Ghana",
  "uso diario agua per capita(litros)": 137,
  "consumo anuel de agua(m3)": "982,000,000",
  "poblacion": "19,637,087",
  "año": 2000
},
{
  "_id": {
    "$oid": "688ffae39c97ecfcd239c7d5"
  },
  "pais": "Greece",
  "uso diario agua per capita(litros)": "2,389",
  "consumo anuel de agua(m3)": "9,630,000,000",
  "poblacion": "11,045,737",
  "año": 2007
},
{
  "_id": {
    "$oid": "688ffae39c97ecfcd239c7d6"
  },
  "pais": "Grenada",
  "uso diario agua per capita(litros)": 338,
  "consumo anuel de agua(m3)": "14,100,000",
  "poblacion": "114,132",
  "año": 2014
},
{
  "_id": {
    "$oid": "688ffae39c97ecfcd239c7d7"
  },
  "pais": "Guatemala",
  "uso diario agua per capita(litros)": 681,
  "consumo anuel de agua(m3)": "3,324,000,000",
  "poblacion": "13,367,459",
  "año": 2006
},
{
  "_id": {
    "$oid": "688ffae39c97ecfcd239c7d8"
  },
  "pais": "Guinea",
  "uso diario agua per capita(litros)": 178,
  "consumo anuel de agua(m3)": "553,300,000",
  "poblacion": "8,539,960",
  "año": 2001
},
{
  "_id": {
    "$oid": "688ffae39c97ecfcd239c7d9"
  },
  "pais": "Guinea-Bissau",
  "uso diario agua per capita(litros)": 388,
  "consumo anuel de agua(m3)": "175,000,000",
  "poblacion": "1,234,741",
  "año": 2000
},
{
  "_id": {
    "$oid": "688ffae39c97ecfcd239c7da"
  },
  "pais": "Guyana",
  "uso diario agua per capita(litros)": "5,284",
  "consumo anuel de agua(m3)": "1,445,000,000",
  "poblacion": "749,256",
  "año": 2010
},
{
  "_id": {
    "$oid": "688ffae39c97ecfcd239c7db"
  },
  "pais": "Haiti",
  "uso diario agua per capita(litros)": 410,
  "consumo anuel de agua(m3)": "1,450,000,000",
  "poblacion": "9,689,581",
  "año": 2009
},
{
  "_id": {
    "$oid": "688ffae39c97ecfcd239c7dc"
  },
  "pais": "Honduras",
  "uso diario agua per capita(litros)": 618,
  "consumo anuel de agua(m3)": "1,607,000,000",
  "poblacion": "7,119,213",
  "año": 2003
},
{
  "_id": {
    "$oid": "688ffae39c97ecfcd239c7dd"
  },
  "pais": "Hungary",
  "uso diario agua per capita(litros)": "1,395",
  "consumo anuel de agua(m3)": "5,051,000,000",
  "poblacion": "9,916,623",
  "año": 2012
},
{
  "_id": {
    "$oid": "688ffae39c97ecfcd239c7de"
  },
  "pais": "Iceland",
  "uso diario agua per capita(litros)": "2,304",
  "consumo anuel de agua(m3)": "278,300,000",
  "poblacion": "330,952",
  "año": 2015
},
{
  "_id": {
    "$oid": "688ffae39c97ecfcd239c7df"
  },
  "pais": "India",
  "uso diario agua per capita(litros)": "1,677",
  "consumo anuel de agua(m3)": "761,000,000,000",
  "poblacion": "1,243,481,564",
  "año": 2010
},
{
  "_id": {
    "$oid": "688ffae39c97ecfcd239c7e0"
  },
  "pais": "Indonesia",
  "uso diario agua per capita(litros)": "2,305",
  "consumo anuel de agua(m3)": "222,600,000,000",
  "poblacion": "264,627,418",
  "año": 2016
},
{
  "_id": {
    "$oid": "688ffae39c97ecfcd239c7e1"
  },
  "pais": "Iran",
  "uso diario agua per capita(litros)": "3,638",
  "consumo anuel de agua(m3)": "93,300,000,000",
  "poblacion": "70,256,316",
  "año": 2004
},
{
  "_id": {
    "$oid": "688ffae39c97ecfcd239c7e2"
  },
  "pais": "Iraq",
  "uso diario agua per capita(litros)": "2,745",
  "consumo anuel de agua(m3)": "38,550,000,000",
  "poblacion": "38,469,627",
  "año": 2016
},
{
  "_id": {
    "$oid": "688ffae39c97ecfcd239c7e3"
  },
  "pais": "Ireland",
  "uso diario agua per capita(litros)": 457,
  "consumo anuel de agua(m3)": "757,000,000",
  "poblacion": "4,533,752",
  "año": 2009
},
{
  "_id": {
    "$oid": "688ffae39c97ecfcd239c7e4"
  },
  "pais": "Israel",
  "uso diario agua per capita(litros)": 809,
  "consumo anuel de agua(m3)": "1,954,000,000",
  "poblacion": "6,615,087",
  "año": 2004
},
{
  "_id": {
    "$oid": "688ffae39c97ecfcd239c7e5"
  },
  "pais": "Italy",
  "uso diario agua per capita(litros)": "1,546",
  "consumo anuel de agua(m3)": "34,190,000,000",
  "poblacion": "60,575,316",
  "año": 2015
},
{
  "_id": {
    "$oid": "688ffae39c97ecfcd239c7e6"
  },
  "pais": "Jamaica",
  "uso diario agua per capita(litros)": "1,32",
  "consumo anuel de agua(m3)": "1,354,000,000",
  "poblacion": "2,809,915",
  "año": 2016
},
{
  "_id": {
    "$oid": "688ffae39c97ecfcd239c7e7"
  },
  "pais": "Japan",
  "uso diario agua per capita(litros)": "1,741",
  "consumo anuel de agua(m3)": "81,450,000,000",
  "poblacion": "128,192,470",
  "año": 2009
},
{
  "_id": {
    "$oid": "688ffae39c97ecfcd239c7e8"
  },
  "pais": "Jordan",
  "uso diario agua per capita(litros)": 286,
  "consumo anuel de agua(m3)": "1,044,000,000",
  "poblacion": "10,006,367",
  "año": 2016
},
{
  "_id": {
    "$oid": "688ffae39c97ecfcd239c7e9"
  },
  "pais": "Kazakhstan",
  "uso diario agua per capita(litros)": "3,397",
  "consumo anuel de agua(m3)": "22,770,000,000",
  "poblacion": "18,363,600",
  "año": 2016
},
{
  "_id": {
    "$oid": "688ffae39c97ecfcd239c7ea"
  },
  "pais": "Kenya",
  "uso diario agua per capita(litros)": 229,
  "consumo anuel de agua(m3)": "4,032,000,000",
  "poblacion": "48,139,687",
  "año": 2016
},
{
  "_id": {
    "$oid": "688ffae39c97ecfcd239c7eb"
  },
  "pais": "Kuwait",
  "uso diario agua per capita(litros)": "1,215",
  "consumo anuel de agua(m3)": "913,200,000",
  "poblacion": "2,059,974",
  "año": 2002
},
{
  "_id": {
    "$oid": "688ffae39c97ecfcd239c7ec"
  },
  "pais": "Kyrgyzstan",
  "uso diario agua per capita(litros)": "4,153",
  "consumo anuel de agua(m3)": "8,007,000,000",
  "poblacion": "5,282,453",
  "año": 2006
},
{
  "_id": {
    "$oid": "688ffae39c97ecfcd239c7ed"
  },
  "pais": "Laos",
  "uso diario agua per capita(litros)": "1,63",
  "consumo anuel de agua(m3)": "3,493,000,000",
  "poblacion": "5,869,523",
  "año": 2005
},
{
  "_id": {
    "$oid": "688ffae39c97ecfcd239c7ee"
  },
  "pais": "Latvia",
  "uso diario agua per capita(litros)": 314,
  "consumo anuel de agua(m3)": "224,400,000",
  "poblacion": "1,959,863",
  "año": 2016
},
{
  "_id": {
    "$oid": "688ffae39c97ecfcd239c7ef"
  },
  "pais": "Lebanon",
  "uso diario agua per capita(litros)": 779,
  "consumo anuel de agua(m3)": "1,840,000,000",
  "poblacion": "6,472,469",
  "año": 2015
},
{
  "_id": {
    "$oid": "688ffae39c97ecfcd239c7f0"
  },
  "pais": "Lesotho",
  "uso diario agua per capita(litros)": 60,
  "consumo anuel de agua(m3)": "43,800,000",
  "poblacion": "2,003,913",
  "año": 2000
},
{
  "_id": {
    "$oid": "688ffae39c97ecfcd239c7f1"
  },
  "pais": "Liberia",
  "uso diario agua per capita(litros)": 122,
  "consumo anuel de agua(m3)": "130,800,000",
  "poblacion": "2,928,117",
  "año": 2000
},
{
  "_id": {
    "$oid": "688ffae39c97ecfcd239c7f2"
  },
  "pais": "Libya",
  "uso diario agua per capita(litros)": "2,585",
  "consumo anuel de agua(m3)": "5,830,000,000",
  "poblacion": "6,179,328",
  "año": 2012
},
{
  "_id": {
    "$oid": "688ffae39c97ecfcd239c7f3"
  },
  "pais": "Lithuania",
  "uso diario agua per capita(litros)": "2,68",
  "consumo anuel de agua(m3)": "2,768,000,000",
  "poblacion": "2,829,313",
  "año": 2017
},
{
  "_id": {
    "$oid": "688ffae39c97ecfcd239c7f4"
  },
  "pais": "Luxembourg",
  "uso diario agua per capita(litros)": 207,
  "consumo anuel de agua(m3)": "44,000,000",
  "poblacion": "583,506",
  "año": 2016
},
{
  "_id": {
    "$oid": "688ffae39c97ecfcd239c7f5"
  },
  "pais": "Madagascar",
  "uso diario agua per capita(litros)": "1,883",
  "consumo anuel de agua(m3)": "13,560,000,000",
  "poblacion": "19,730,909",
  "año": 2006
},
{
  "_id": {
    "$oid": "688ffae39c97ecfcd239c7f6"
  },
  "pais": "Malawi",
  "uso diario agua per capita(litros)": 290,
  "consumo anuel de agua(m3)": "1,357,000,000",
  "poblacion": "12,840,031",
  "año": 2005
},
{
  "_id": {
    "$oid": "688ffae39c97ecfcd239c7f7"
  },
  "pais": "Malaysia",
  "uso diario agua per capita(litros)": "1,188",
  "consumo anuel de agua(m3)": "11,200,000,000",
  "poblacion": "25,836,071",
  "año": 2005
},
{
  "_id": {
    "$oid": "688ffae39c97ecfcd239c7f8"
  },
  "pais": "Maldives",
  "uso diario agua per capita(litros)": 48,
  "consumo anuel de agua(m3)": "5,900,000",
  "poblacion": "336,170",
  "año": 2008
},
{
  "_id": {
    "$oid": "688ffae39c97ecfcd239c7f9"
  },
  "pais": "Mali",
  "uso diario agua per capita(litros)": "1,016",
  "consumo anuel de agua(m3)": "5,186,000,000",
  "poblacion": "13,990,139",
  "año": 2006
},
{
  "_id": {
    "$oid": "688ffae39c97ecfcd239c7fa"
  },
  "pais": "Malta",
  "uso diario agua per capita(litros)": 378,
  "consumo anuel de agua(m3)": "62,800,000",
  "poblacion": "455,269",
  "año": 2016
},
{
  "_id": {
    "$oid": "688ffae39c97ecfcd239c7fb"
  },
  "pais": "Mauritania",
  "uso diario agua per capita(litros)": "1,258",
  "consumo anuel de agua(m3)": "1,350,000,000",
  "poblacion": "2,939,059",
  "año": 2005
},
{
  "_id": {
    "$oid": "688ffae39c97ecfcd239c7fc"
  },
  "pais": "Mauritius",
  "uso diario agua per capita(litros)": "1,599",
  "consumo anuel de agua(m3)": "725,000,000",
  "poblacion": "1,242,099",
  "año": 2003
},
{
  "_id": {
    "$oid": "688ffae39c97ecfcd239c7fd"
  },
  "pais": "Mexico",
  "uso diario agua per capita(litros)": "1,94",
  "consumo anuel de agua(m3)": "86,580,000,000",
  "poblacion": "122,251,351",
  "año": 2016
},
{
  "_id": {
    "$oid": "688ffae39c97ecfcd239c7fe"
  },
  "pais": "Moldova",
  "uso diario agua per capita(litros)": 758,
  "consumo anuel de agua(m3)": "1,065,000,000",
  "poblacion": "3,851,396",
  "año": 2007
},
{
  "_id": {
    "$oid": "688ffae39c97ecfcd239c7ff"
  },
  "pais": "Monaco",
  "uso diario agua per capita(litros)": 423,
  "consumo anuel de agua(m3)": "5,000,000",
  "poblacion": "32,364",
  "año": 2009
},
{
  "_id": {
    "$oid": "688ffae39c97ecfcd239c800"
  },
  "pais": "Mongolia",
  "uso diario agua per capita(litros)": 417,
  "consumo anuel de agua(m3)": "462,400,000",
  "poblacion": "3,040,812",
  "año": 2016
},
{
  "_id": {
    "$oid": "688ffae39c97ecfcd239c801"
  },
  "pais": "Montenegro",
  "uso diario agua per capita(litros)": 697,
  "consumo anuel de agua(m3)": "160,900,000",
  "poblacion": "632,088",
  "año": 2010
},
{
  "_id": {
    "$oid": "688ffae39c97ecfcd239c802"
  },
  "pais": "Morocco",
  "uso diario agua per capita(litros)": 880,
  "consumo anuel de agua(m3)": "10,430,000,000",
  "poblacion": "32,467,016",
  "año": 2010
},
{
  "_id": {
    "$oid": "688ffae39c97ecfcd239c803"
  },
  "pais": "Mozambique",
  "uso diario agua per capita(litros)": 152,
  "consumo anuel de agua(m3)": "1,473,000,000",
  "poblacion": "26,547,572",
  "año": 2015
},
{
  "_id": {
    "$oid": "688ffae39c97ecfcd239c804"
  },
  "pais": "Myanmar",
  "uso diario agua per capita(litros)": "2,01",
  "consumo anuel de agua(m3)": "33,230,000,000",
  "poblacion": "45,290,841",
  "año": 2000
},
{
  "_id": {
    "$oid": "688ffae39c97ecfcd239c805"
  },
  "pais": "Namibia",
  "uso diario agua per capita(litros)": 417,
  "consumo anuel de agua(m3)": "288,000,000",
  "poblacion": "1,889,970",
  "año": 2002
},
{
  "_id": {
    "$oid": "688ffae39c97ecfcd239c806"
  },
  "pais": "Nepal",
  "uso diario agua per capita(litros)": 979,
  "consumo anuel de agua(m3)": "9,497,000,000",
  "poblacion": "26,565,425",
  "año": 2006
},
{
  "_id": {
    "$oid": "688ffae39c97ecfcd239c807"
  },
  "pais": "Netherlands",
  "uso diario agua per capita(litros)": "1,435",
  "consumo anuel de agua(m3)": "8,919,000,000",
  "poblacion": "17,030,089",
  "año": 2014
},
{
  "_id": {
    "$oid": "688ffae39c97ecfcd239c808"
  },
  "pais": "New Zealand",
  "uso diario agua per capita(litros)": "3,277",
  "consumo anuel de agua(m3)": "5,201,000,000",
  "poblacion": "4,347,770",
  "año": 2010
},
{
  "_id": {
    "$oid": "688ffae39c97ecfcd239c809"
  },
  "pais": "Nicaragua",
  "uso diario agua per capita(litros)": 727,
  "consumo anuel de agua(m3)": "1,545,000,000",
  "poblacion": "5,819,051",
  "año": 2011
},
{
  "_id": {
    "$oid": "688ffae39c97ecfcd239c80a"
  },
  "pais": "Niger",
  "uso diario agua per capita(litros)": 231,
  "consumo anuel de agua(m3)": "1,747,000,000",
  "poblacion": "20,685,753",
  "año": 2016
},
{
  "_id": {
    "$oid": "688ffae39c97ecfcd239c80b"
  },
  "pais": "Nigeria",
  "uso diario agua per capita(litros)": 205,
  "consumo anuel de agua(m3)": "12,470,000,000",
  "poblacion": "166,642,886",
  "año": 2010
},
{
  "_id": {
    "$oid": "688ffae39c97ecfcd239c80c"
  },
  "pais": "North Korea",
  "uso diario agua per capita(litros)": 972,
  "consumo anuel de agua(m3)": "8,658,000,000",
  "poblacion": "24,396,433",
  "año": 2005
},
{
  "_id": {
    "$oid": "688ffae39c97ecfcd239c80d"
  },
  "pais": "North Macedonia",
  "uso diario agua per capita(litros)": 725,
  "consumo anuel de agua(m3)": "551,200,000",
  "poblacion": "2,081,972",
  "año": 2007
},
{
  "_id": {
    "$oid": "688ffae39c97ecfcd239c80e"
  },
  "pais": "Norway",
  "uso diario agua per capita(litros)": "1,761",
  "consumo anuel de agua(m3)": "3,026,000,000",
  "poblacion": "4,709,010",
  "año": 2007
},
{
  "_id": {
    "$oid": "688ffae39c97ecfcd239c80f"
  },
  "pais": "Oman",
  "uso diario agua per capita(litros)": "1,531",
  "consumo anuel de agua(m3)": "1,321,000,000",
  "poblacion": "2,363,796",
  "año": 2003
},
{
  "_id": {
    "$oid": "688ffae39c97ecfcd239c810"
  },
  "pais": "Pakistan",
  "uso diario agua per capita(litros)": "2,653",
  "consumo anuel de agua(m3)": "183,500,000,000",
  "poblacion": "189,499,113",
  "año": 2008
},
{
  "_id": {
    "$oid": "688ffae39c97ecfcd239c811"
  },
  "pais": "Panama",
  "uso diario agua per capita(litros)": 823,
  "consumo anuel de agua(m3)": "1,211,000,000",
  "poblacion": "4,029,086",
  "año": 2016
},
{
  "_id": {
    "$oid": "688ffae39c97ecfcd239c812"
  },
  "pais": "Papua New Guinea",
  "uso diario agua per capita(litros)": 164,
  "consumo anuel de agua(m3)": "392,100,000",
  "poblacion": "6,535,905",
  "año": 2005
},
{
  "_id": {
    "$oid": "688ffae39c97ecfcd239c813"
  },
  "pais": "Paraguay",
  "uso diario agua per capita(litros)": "1,121",
  "consumo anuel de agua(m3)": "2,413,000,000",
  "poblacion": "5,897,008",
  "año": 2012
},
{
  "_id": {
    "$oid": "688ffae39c97ecfcd239c814"
  },
  "pais": "Peru",
  "uso diario agua per capita(litros)": "1,303",
  "consumo anuel de agua(m3)": "13,660,000,000",
  "poblacion": "28,719,041",
  "año": 2008
},
{
  "_id": {
    "$oid": "688ffae39c97ecfcd239c815"
  },
  "pais": "Philippines",
  "uso diario agua per capita(litros)": "2,185",
  "consumo anuel de agua(m3)": "85,140,000,000",
  "poblacion": "106,735,719",
  "año": 2016
},
{
  "_id": {
    "$oid": "688ffae39c97ecfcd239c816"
  },
  "pais": "Poland",
  "uso diario agua per capita(litros)": 758,
  "consumo anuel de agua(m3)": "10,580,000,000",
  "poblacion": "38,263,265",
  "año": 2016
},
{
  "_id": {
    "$oid": "688ffae39c97ecfcd239c817"
  },
  "pais": "Portugal",
  "uso diario agua per capita(litros)": "2,377",
  "consumo anuel de agua(m3)": "9,151,000,000",
  "poblacion": "10,546,825",
  "año": 2007
},
{
  "_id": {
    "$oid": "688ffae39c97ecfcd239c818"
  },
  "pais": "Puerto Rico",
  "uso diario agua per capita(litros)": "3,063",
  "consumo anuel de agua(m3)": "4,153,000,000",
  "poblacion": "3,714,836",
  "año": 2010
},
{
  "_id": {
    "$oid": "688ffae39c97ecfcd239c819"
  },
  "pais": "Qatar",
  "uso diario agua per capita(litros)": "1,474",
  "consumo anuel de agua(m3)": "444,000,000",
  "poblacion": "825,408",
  "año": 2005
},
{
  "_id": {
    "$oid": "688ffae39c97ecfcd239c81a"
  },
  "pais": "Romania",
  "uso diario agua per capita(litros)": 883,
  "consumo anuel de agua(m3)": "6,374,000,000",
  "poblacion": "19,777,051",
  "año": 2016
},
{
  "_id": {
    "$oid": "688ffae39c97ecfcd239c81b"
  },
  "pais": "Russia",
  "uso diario agua per capita(litros)": "1,306",
  "consumo anuel de agua(m3)": "69,500,000,000",
  "poblacion": "145,778,677",
  "año": 2016
},
{
  "_id": {
    "$oid": "688ffae39c97ecfcd239c81c"
  },
  "pais": "Rwanda",
  "uso diario agua per capita(litros)": 50,
  "consumo anuel de agua(m3)": "150,000,000",
  "poblacion": "8,213,931",
  "año": 2000
},
{
  "_id": {
    "$oid": "688ffae39c97ecfcd239c81d"
  },
  "pais": "Saint Kitts & Nevis",
  "uso diario agua per capita(litros)": 909,
  "consumo anuel de agua(m3)": "15,600,000",
  "poblacion": "47,033",
  "año": 2012
},
{
  "_id": {
    "$oid": "688ffae39c97ecfcd239c81e"
  },
  "pais": "Saint Lucia",
  "uso diario agua per capita(litros)": 701,
  "consumo anuel de agua(m3)": "42,900,000",
  "poblacion": "167,758",
  "año": 2007
},
{
  "_id": {
    "$oid": "688ffae39c97ecfcd239c81f"
  },
  "pais": "Sao Tome & Principe",
  "uso diario agua per capita(litros)": 550,
  "consumo anuel de agua(m3)": "40,900,000",
  "poblacion": "203,689",
  "año": 2016
},
{
  "_id": {
    "$oid": "688ffae39c97ecfcd239c820"
  },
  "pais": "Saudi Arabia",
  "uso diario agua per capita(litros)": "2,078",
  "consumo anuel de agua(m3)": "23,350,000,000",
  "poblacion": "30,782,402",
  "año": 2017
},
{
  "_id": {
    "$oid": "688ffae39c97ecfcd239c821"
  },
  "pais": "Senegal",
  "uso diario agua per capita(litros)": 581,
  "consumo anuel de agua(m3)": "2,221,000,000",
  "poblacion": "10,466,214",
  "año": 2002
},
{
  "_id": {
    "$oid": "688ffae39c97ecfcd239c822"
  },
  "pais": "Serbia",
  "uso diario agua per capita(litros)": "1,81",
  "consumo anuel de agua(m3)": "4,707,000,000",
  "poblacion": "7,126,083",
  "año": 2016
},
{
  "_id": {
    "$oid": "688ffae39c97ecfcd239c823"
  },
  "pais": "Seychelles",
  "uso diario agua per capita(litros)": 420,
  "consumo anuel de agua(m3)": "13,700,000",
  "poblacion": "89,266",
  "año": 2005
},
{
  "_id": {
    "$oid": "688ffae39c97ecfcd239c824"
  },
  "pais": "Sierra Leone",
  "uso diario agua per capita(litros)": 106,
  "consumo anuel de agua(m3)": "212,200,000",
  "poblacion": "5,501,712",
  "año": 2005
},
{
  "_id": {
    "$oid": "688ffae39c97ecfcd239c825"
  },
  "pais": "Singapore",
  "uso diario agua per capita(litros)": 229,
  "consumo anuel de agua(m3)": "190,000,000",
  "poblacion": "2,268,523",
  "año": 1975
},
{
  "_id": {
    "$oid": "688ffae39c97ecfcd239c826"
  },
  "pais": "Slovakia",
  "uso diario agua per capita(litros)": 270,
  "consumo anuel de agua(m3)": "535,000,000",
  "poblacion": "5,427,259",
  "año": 2016
},
{
  "_id": {
    "$oid": "688ffae39c97ecfcd239c827"
  },
  "pais": "Slovenia",
  "uso diario agua per capita(litros)": "1,179",
  "consumo anuel de agua(m3)": "887,300,000",
  "poblacion": "2,061,373",
  "año": 2016
},
{
  "_id": {
    "$oid": "688ffae39c97ecfcd239c828"
  },
  "pais": "Somalia",
  "uso diario agua per capita(litros)": 912,
  "consumo anuel de agua(m3)": "3,298,000,000",
  "poblacion": "9,909,157",
  "año": 2003
},
{
  "_id": {
    "$oid": "688ffae39c97ecfcd239c829"
  },
  "pais": "South Africa",
  "uso diario agua per capita(litros)": 777,
  "consumo anuel de agua(m3)": "15,500,000,000",
  "poblacion": "54,678,791",
  "año": 2013
},
{
  "_id": {
    "$oid": "688ffae39c97ecfcd239c82a"
  },
  "pais": "South Korea",
  "uso diario agua per capita(litros)": "1,672",
  "consumo anuel de agua(m3)": "29,200,000,000",
  "poblacion": "47,851,644",
  "año": 2005
},
{
  "_id": {
    "$oid": "688ffae39c97ecfcd239c82b"
  },
  "pais": "South Sudan",
  "uso diario agua per capita(litros)": 175,
  "consumo anuel de agua(m3)": "658,000,000",
  "poblacion": "10,288,109",
  "año": 2011
},
{
  "_id": {
    "$oid": "688ffae39c97ecfcd239c82c"
  },
  "pais": "Spain",
  "uso diario agua per capita(litros)": "1,926",
  "consumo anuel de agua(m3)": "32,850,000,000",
  "poblacion": "46,720,188",
  "año": 2014
},
{
  "_id": {
    "$oid": "688ffae39c97ecfcd239c82d"
  },
  "pais": "Sri Lanka",
  "uso diario agua per capita(litros)": "1,755",
  "consumo anuel de agua(m3)": "12,950,000,000",
  "poblacion": "20,216,524",
  "año": 2005
},
{
  "_id": {
    "$oid": "688ffae39c97ecfcd239c82e"
  },
  "pais": "St. Vincent & Grenadines",
  "uso diario agua per capita(litros)": 215,
  "consumo anuel de agua(m3)": "8,500,000",
  "poblacion": "108,135",
  "año": 2013
},
{
  "_id": {
    "$oid": "688ffae39c97ecfcd239c82f"
  },
  "pais": "State of Palestine",
  "uso diario agua per capita(litros)": 215,
  "consumo anuel de agua(m3)": "363,600,000",
  "poblacion": "4,632,739",
  "año": 2016
},
{
  "_id": {
    "$oid": "688ffae39c97ecfcd239c830"
  },
  "pais": "Sudan",
  "uso diario agua per capita(litros)": "2,041",
  "consumo anuel de agua(m3)": "26,930,000,000",
  "poblacion": "36,140,806",
  "año": 2011
},
{
  "_id": {
    "$oid": "688ffae39c97ecfcd239c831"
  },
  "pais": "Suriname",
  "uso diario agua per capita(litros)": "3,214",
  "consumo anuel de agua(m3)": "615,900,000",
  "poblacion": "524,997",
  "año": 2006
},
{
  "_id": {
    "$oid": "688ffae39c97ecfcd239c832"
  },
  "pais": "Sweden",
  "uso diario agua per capita(litros)": 786,
  "consumo anuel de agua(m3)": "2,689,000,000",
  "poblacion": "9,378,232",
  "año": 2010
},
{
  "_id": {
    "$oid": "688ffae39c97ecfcd239c833"
  },
  "pais": "Switzerland",
  "uso diario agua per capita(litros)": 687,
  "consumo anuel de agua(m3)": "2,005,000,000",
  "poblacion": "7,998,926",
  "año": 2012
},
{
  "_id": {
    "$oid": "688ffae39c97ecfcd239c834"
  },
  "pais": "Syria",
  "uso diario agua per capita(litros)": "2,441",
  "consumo anuel de agua(m3)": "16,760,000,000",
  "poblacion": "18,814,091",
  "año": 2005
},
{
  "_id": {
    "$oid": "688ffae39c97ecfcd239c835"
  },
  "pais": "Tajikistan",
  "uso diario agua per capita(litros)": "4,46",
  "consumo anuel de agua(m3)": "11,490,000,000",
  "poblacion": "7,057,566",
  "año": 2006
},
{
  "_id": {
    "$oid": "688ffae39c97ecfcd239c836"
  },
  "pais": "Tanzania",
  "uso diario agua per capita(litros)": 393,
  "consumo anuel de agua(m3)": "5,184,000,000",
  "poblacion": "36,121,304",
  "año": 2002
},
{
  "_id": {
    "$oid": "688ffae39c97ecfcd239c837"
  },
  "pais": "Thailand",
  "uso diario agua per capita(litros)": "2,34",
  "consumo anuel de agua(m3)": "57,310,000,000",
  "poblacion": "67,102,394",
  "año": 2007
},
{
  "_id": {
    "$oid": "688ffae39c97ecfcd239c838"
  },
  "pais": "Timor-Leste",
  "uso diario agua per capita(litros)": "3,456",
  "consumo anuel de agua(m3)": "1,172,000,000",
  "poblacion": "929,074",
  "año": 2004
},
{
  "_id": {
    "$oid": "688ffae39c97ecfcd239c839"
  },
  "pais": "Togo",
  "uso diario agua per capita(litros)": 86,
  "consumo anuel de agua(m3)": "169,000,000",
  "poblacion": "5,413,274",
  "año": 2002
},
{
  "_id": {
    "$oid": "688ffae39c97ecfcd239c83a"
  },
  "pais": "Trinidad and Tobago",
  "uso diario agua per capita(litros)": 753,
  "consumo anuel de agua(m3)": "383,200,000",
  "poblacion": "1,394,983",
  "año": 2011
},
{
  "_id": {
    "$oid": "688ffae39c97ecfcd239c83b"
  },
  "pais": "Tunisia",
  "uso diario agua per capita(litros)": "1,146",
  "consumo anuel de agua(m3)": "4,875,000,000",
  "poblacion": "11,650,498",
  "año": 2017
},
{
  "_id": {
    "$oid": "688ffae39c97ecfcd239c83c"
  },
  "pais": "Turkey",
  "uso diario agua per capita(litros)": "1,978",
  "consumo anuel de agua(m3)": "58,950,000,000",
  "poblacion": "81,652,088",
  "año": 2016
},
{
  "_id": {
    "$oid": "688ffae39c97ecfcd239c83d"
  },
  "pais": "Turkmenistan",
  "uso diario agua per capita(litros)": "15,445",
  "consumo anuel de agua(m3)": "27,950,000,000",
  "poblacion": "4,958,093",
  "año": 2004
},
{
  "_id": {
    "$oid": "688ffae39c97ecfcd239c83e"
  },
  "pais": "Uganda",
  "uso diario agua per capita(litros)": 57,
  "consumo anuel de agua(m3)": "637,000,000",
  "poblacion": "30,539,553",
  "año": 2008
},
{
  "_id": {
    "$oid": "688ffae39c97ecfcd239c83f"
  },
  "pais": "Ukraine",
  "uso diario agua per capita(litros)": 592,
  "consumo anuel de agua(m3)": "9,862,000,000",
  "poblacion": "45,616,832",
  "año": 2016
},
{
  "_id": {
    "$oid": "688ffae39c97ecfcd239c840"
  },
  "pais": "United Arab Emirates",
  "uso diario agua per capita(litros)": "2,348",
  "consumo anuel de agua(m3)": "3,998,000,000",
  "poblacion": "4,664,790",
  "año": 2005
},
{
  "_id": {
    "$oid": "688ffae39c97ecfcd239c841"
  },
  "pais": "United Kingdom",
  "uso diario agua per capita(litros)": 350,
  "consumo anuel de agua(m3)": "8,420,000,000",
  "poblacion": "65,893,358",
  "año": 2016
},
{
  "_id": {
    "$oid": "688ffae39c97ecfcd239c842"
  },
  "pais": "United States",
  "uso diario agua per capita(litros)": "3,732",
  "consumo anuel de agua(m3)": "444,300,000,000",
  "poblacion": "326,126,497",
  "año": 2015
},
{
  "_id": {
    "$oid": "688ffae39c97ecfcd239c843"
  },
  "pais": "Uruguay",
  "uso diario agua per capita(litros)": "3,07",
  "consumo anuel de agua(m3)": "3,660,000,000",
  "poblacion": "3,266,206",
  "año": 2000
},
{
  "_id": {
    "$oid": "688ffae39c97ecfcd239c844"
  },
  "pais": "Uzbekistan",
  "uso diario agua per capita(litros)": "4,778",
  "consumo anuel de agua(m3)": "54,560,000,000",
  "poblacion": "31,284,568",
  "año": 2016
},
{
  "_id": {
    "$oid": "688ffae39c97ecfcd239c845"
  },
  "pais": "Venezuela",
  "uso diario agua per capita(litros)": "2,242",
  "consumo anuel de agua(m3)": "22,630,000,000",
  "poblacion": "27,649,363",
  "año": 2007
},
{
  "_id": {
    "$oid": "688ffae39c97ecfcd239c846"
  },
  "pais": "Vietnam",
  "uso diario agua per capita(litros)": "2,772",
  "consumo anuel de agua(m3)": "82,030,000,000",
  "poblacion": "81,088,313",
  "año": 2005
},
{
  "_id": {
    "$oid": "688ffae39c97ecfcd239c847"
  },
  "pais": "Yemen",
  "uso diario agua per capita(litros)": 429,
  "consumo anuel de agua(m3)": "3,565,000,000",
  "poblacion": "22,790,085",
  "año": 2005
},
{
  "_id": {
    "$oid": "688ffae39c97ecfcd239c848"
  },
  "pais": "Zambia",
  "uso diario agua per capita(litros)": 404,
  "consumo anuel de agua(m3)": "1,572,000,000",
  "poblacion": "10,647,949",
  "año": 2002
},
{
  "_id": {
    "$oid": "688ffae39c97ecfcd239c849"
  },
  "pais": "Zimbabwe",
  "uso diario agua per capita(litros)": 764,
  "consumo anuel de agua(m3)": "3,570,000,000",
  "poblacion": "12,804,058",
  "año": 2007
}]