fecha,duracion_sueno,meditacion,ejercicio,tipo_desayuno,escribio_diario,productividad,estado_animo,notas
2023-02-09,7.0,5.0,10.0,Heavy,1,5,Neutral,Right address who might strong already whom.
2023-04-06,7.0,5.0,60.0,Light,1,5,Neutral,Year fine paper view teach rich Republican.
2023-04-09,6.0,30.0,20.0,Heavy,1,5,Neutral,Son late hour focus seven agent window soon.
2023-04-13,7.0,5.0,40.0,Light,0,5,Neutral,Court ability admit I.
2023-04-22,7.0,20.0,0.0,Carb-rich,1,5,Neutral,Thus bring involve child send conference citizen smile.
2023-05-03,7.0,0.0,20.0,Heavy,0,5,Neutral,Air outside eight garden sort.
2023-06-06,6.0,20.0,50.0,Protein-rich,0,5,Neutral,Style oil sign wonder material admit.
2023-09-05,7.0,0.0,20.0,Heavy,1,5,Neutral,Write enter continue campaign.
2023-09-07,6.0,15.0,40.0,Skipped,1,5,Neutral,True anything take card leader able last often.
2024-01-07,6.0,30.0,40.0,Carb-rich,0,5,Neutral,Which reality letter hold between appear.
2024-01-22,6.0,5.0,50.0,Heavy,0,5,Neutral,Despite like compare member help century.
2024-10-04,7.0,25.0,10.0,Heavy,0,5,Neutral,Positive deep describe hotel.
2024-12-29,6.0,15.0,10.0,Protein-rich,1,5,Neutral,Better special clear rich character.
2025-01-24,7.0,0.0,20.0,Heavy,0,5,Neutral,Determine day minute any history including.
2025-03-09,6.0,20.0,20.0,Skipped,0,5,Neutral,Significant standard forget capital bank age.
2024-04-16,5.0,10.0,30.0,Protein-rich,1,5,Sad,Rise whose fight.
2024-08-30,5.0,5.0,40.0,Skipped,0,5,Sad,Whatever do voice first.
2023-02-15,7.0,5.0,0.0,Heavy,1,6,Neutral,Bring person leave.
2023-03-30,8.0,0.0,0.0,Protein-rich,1,6,Neutral,Suddenly support surface offer painting allow life police.
2023-06-20,8.0,0.0,20.0,Skipped,0,6,Neutral,Project day after once discussion.
2024-01-08,7.0,30.0,40.0,Heavy,0,6,Neutral,Method market them itself quality white similar according.
2024-08-20,6.0,20.0,50.0,Light,1,6,Neutral,Value country man involve forget news follow.
2025-01-06,8.0,30.0,0.0,Light,1,6,Neutral,Never his thought direction Congress.
2025-02-07,6.0,10.0,60.0,Protein-rich,0,7,Neutral,Against sing home.
2023-05-25,5.0,5.0,20.0,Light,0,1,Sad,Professional I loss second table tax.
2023-07-12,5.0,10.0,60.0,Carb-rich,1,2,Sad,Run third coach size resource put.
2023-07-20,5.0,30.0,10.0,Protein-rich,0,1,Sad,Under race should gun coach.
2023-07-26,5.0,20.0,40.0,Heavy,0,2,Sad,Simply choose notice enjoy last along feeling onto.
2023-10-30,5.0,5.0,60.0,Protein-rich,0,2,Sad,Else board foreign a environmental.
2024-01-21,6.0,0.0,50.0,Heavy,1,2,Sad,Heart example participant political station series.
2024-05-12,5.0,30.0,50.0,Carb-rich,0,2,Sad,Make price Mr training.
2025-03-16,5.0,0.0,60.0,Carb-rich,0,2,Sad,From nice cover appear.
2025-06-07,5.0,0.0,60.0,Skipped,0,2,Sad,Business will study picture necessary show serious.
2023-06-10,6.0,30.0,10.0,Carb-rich,1,3,Sad,Old find whom clear on.
2023-09-14,6.0,25.0,30.0,Light,1,3,Sad,Physical turn would prepare study policy evening.
2023-11-28,6.0,10.0,30.0,Carb-rich,1,3,Sad,Reach parent tell game two recent on.
2024-03-16,6.0,5.0,50.0,Protein-rich,0,3,Sad,Marriage meet particularly turn.
2024-06-04,6.0,20.0,40.0,Skipped,1,3,Sad,Nice go job.
2024-08-10,5.0,10.0,20.0,Protein-rich,1,3,Sad,Listen hold reflect hour.
2024-11-25,6.0,15.0,0.0,Skipped,0,3,Sad,Whose bar lay song century up.
2023-03-26,8.0,0.0,0.0,Protein-rich,0,4,Sad,Street money talk sure too.
2023-04-02,6.0,0.0,50.0,Light,1,4,Sad,Trouble market police beyond nearly but everyone.
2023-09-08,7.0,5.0,10.0,Skipped,0,4,Sad,Seem somebody girl.
2023-12-25,8.0,0.0,0.0,Heavy,1,4,Sad,You kid small fish evidence term.
2024-07-11,5.0,5.0,30.0,Carb-rich,1,4,Sad,Day cell mean good west voice statement.
2024-09-05,7.0,0.0,0.0,Heavy,1,4,Sad,Stage state economy could himself our Mrs.
2024-10-13,7.0,10.0,0.0,Heavy,1,4,Sad,Quickly main window nothing accept clearly.
2025-01-30,5.0,25.0,40.0,Skipped,0,4,Sad,Fear guess opportunity central administration executive.
2025-03-13,7.0,0.0,20.0,Light,1,4,Sad,Data security reason local.
2025-03-27,6.0,25.0,20.0,Protein-rich,1,4,Sad,Box serve special society head great just sense.
2023-03-10,7.0,20.0,50.0,Protein-rich,0,8,Happy,Born above year beautiful hold pay.
2023-03-11,8.0,0.0,20.0,Light,1,8,Happy,Relate who eight employee war member material.
2023-06-25,7.0,5.0,40.0,Skipped,0,8,Happy,Claim stop professional mission thank positive how economy.
2023-07-08,8.0,5.0,20.0,Skipped,0,8,Happy,Skill economic floor term economic building.
2023-09-18,8.0,15.0,40.0,Carb-rich,1,8,Happy,Face almost step improve mother provide.
2024-05-04,8.0,10.0,0.0,Light,0,8,Happy,System million around discover about.
2024-09-22,7.0,10.0,60.0,Protein-rich,0,8,Happy,Early sound evidence most bad between even.
2024-11-16,8.0,20.0,40.0,Skipped,0,8,Happy,Tend show much great word.
2025-02-12,8.0,30.0,60.0,Light,1,8,Happy,Write day animal maybe.
2025-04-01,7.0,10.0,40.0,Light,1,8,Happy,Might ability product old.
2023-03-01,9.0,30.0,60.0,Heavy,1,9,Happy,Dog want card sing tree set.
2023-08-06,8.0,15.0,50.0,Light,1,9,Happy,Bank cost attack much sure.
2023-10-08,9.0,10.0,60.0,Carb-rich,0,9,Happy,Spring happen century protect.
2023-12-21,9.0,20.0,30.0,Skipped,1,9,Happy,Foot floor main unit team thank low magazine.
2024-04-28,8.0,30.0,50.0,Heavy,1,9,Happy,Push example newspaper note.
2025-06-05,9.0,20.0,20.0,Heavy,1,9,Happy,Offer upon always.
2023-08-13,9.0,10.0,60.0,Skipped,0,10,Happy,Soldier against part today former great two.
2024-06-29,9.0,25.0,60.0,Carb-rich,0,10,Happy,Its off whose us light.
2025-01-29,9.0,5.0,40.0,Carb-rich,0,10,Happy,Rich court believe area often religious section unit.
2025-04-07,9.0,5.0,60.0,Carb-rich,1,10,Happy,Stock outside would ago describe.
2023-02-02,8.0,5.0,50.0,Heavy,0,7,Happy,Tree player behavior various up such attention project.
2023-02-12,7.0,5.0,20.0,Light,1,7,Happy,Ten large window price far point.
2023-02-16,7.0,30.0,20.0,Heavy,0,7,Happy,Receive others across mother gun indeed coach military.
2023-05-08,8.0,15.0,30.0,Skipped,1,7,Happy,East go without go someone another east.
2023-05-20,7.0,15.0,0.0,Carb-rich,1,7,Happy,Perform difference sound news lay keep center.
2023-08-18,7.0,30.0,10.0,Skipped,0,7,Happy,Finish red color table case summer.
2023-10-26,7.0,15.0,10.0,Heavy,0,7,Happy,Study reality staff article.
2024-03-28,8.0,25.0,60.0,Protein-rich,0,7,Happy,Simply security itself leg itself protect.
2024-05-27,7.0,5.0,30.0,Protein-rich,1,7,Happy,Development doctor institution.
2024-09-24,8.0,25.0,40.0,Carb-rich,0,7,Happy,Billion cut to either wear cultural.
2024-10-23,7.0,20.0,0.0,Light,1,7,Happy,With attack statement practice into several.
2024-11-30,7.0,20.0,40.0,Carb-rich,0,7,Happy,Rather purpose soon too.
2025-01-10,8.0,5.0,0.0,Light,0,7,Happy,Million film inside law good.
2025-03-11,7.0,0.0,30.0,Carb-rich,1,7,Happy,Back opportunity leader everything.
2025-04-03,8.0,30.0,10.0,Protein-rich,1,7,Happy,Issue compare politics either direction yet.
2025-04-27,9.0,0.0,40.0,Light,0,7,Happy,Push method hold.
2025-05-16,8.0,15.0,40.0,Carb-rich,0,7,Happy,She run scientist line stay top man.
2025-06-20,8.0,25.0,30.0,Heavy,0,7,Happy,White style follow stuff several no.
