[{
  "_id": {
    "$oid": "68901a877960956274df0bc4"
  },
  "pais": "India",
  "personas desnutridas": 194400000,
  "porcentaje de la poblacion": "1,41",
  "poblacion(2018)": 1374659064
},
{
  "_id": {
    "$oid": "68901a877960956274df0bc5"
  },
  "pais": "China",
  "personas desnutridas": 121400000,
  "porcentaje de la poblacion": "0,86",
  "poblacion(2018)": 1419008956
},
{
  "_id": {
    "$oid": "68901a877960956274df0bc6"
  },
  "pais": "Pakistan",
  "personas desnutridas": 40000000,
  "porcentaje de la poblacion": "1,76",
  "poblacion(2018)": 226928892
},
{
  "_id": {
    "$oid": "68901a877960956274df0bc7"
  },
  "pais": "Nigeria",
  "personas desnutridas": 25600000,
  "porcentaje de la poblacion": "1,25",
  "poblacion(2018)": 204938755
},
{
  "_id": {
    "$oid": "68901a877960956274df0bc8"
  },
  "pais": "Bangladesh",
  "personas desnutridas": 24200000,
  "porcentaje de la poblacion": "1,48",
  "poblacion(2018)": 163523103
},
{
  "_id": {
    "$oid": "68901a877960956274df0bc9"
  },
  "pais": "Indonesia",
  "personas desnutridas": 22000000,
  "porcentaje de la poblacion": "0,81",
  "poblacion(2018)": 269951846
},
{
  "_id": {
    "$oid": "68901a877960956274df0bca"
  },
  "pais": "Ethiopia",
  "personas desnutridas": 21600000,
  "porcentaje de la poblacion": "1,92",
  "poblacion(2018)": 112664152
},
{
  "_id": {
    "$oid": "68901a877960956274df0bcb"
  },
  "pais": "Tanzania",
  "personas desnutridas": 17600000,
  "porcentaje de la poblacion": "3,06",
  "poblacion(2018)": 57437145
},
{
  "_id": {
    "$oid": "68901a877960956274df0bcc"
  },
  "pais": "Uganda",
  "personas desnutridas": 17600000,
  "porcentaje de la poblacion": "4,23",
  "poblacion(2018)": 41565831
},
{
  "_id": {
    "$oid": "68901a877960956274df0bcd"
  },
  "pais": "Kenya",
  "personas desnutridas": 14600000,
  "porcentaje de la poblacion": "2,91",
  "poblacion(2018)": 50207107
},
{
  "_id": {
    "$oid": "68901a877960956274df0bce"
  },
  "pais": "Philippines",
  "personas desnutridas": 13900000,
  "porcentaje de la poblacion": "1,27",
  "poblacion(2018)": 109465287
},
{
  "_id": {
    "$oid": "68901a877960956274df0bcf"
  },
  "pais": "North Korea",
  "personas desnutridas": 12200000,
  "porcentaje de la poblacion": "0,47",
  "poblacion(2018)": 25931147
},
{
  "_id": {
    "$oid": "68901a877960956274df0bd0"
  },
  "pais": "Madagascar",
  "personas desnutridas": 11400000,
  "porcentaje de la poblacion": "4,15",
  "poblacion(2018)": 27494926
},
{
  "_id": {
    "$oid": "68901a877960956274df0bd1"
  },
  "pais": "Iraq",
  "personas desnutridas": 11100000,
  "porcentaje de la poblacion": "2,76",
  "poblacion(2018)": 40265624
},
{
  "_id": {
    "$oid": "68901a877960956274df0bd2"
  },
  "pais": "Yemen",
  "personas desnutridas": 11000000,
  "porcentaje de la poblacion": "3,23",
  "poblacion(2018)": 34085182
},
{
  "_id": {
    "$oid": "68901a877960956274df0bd3"
  },
  "pais": "Afghanistan",
  "personas desnutridas": 10600000,
  "porcentaje de la poblacion": "2,88",
  "poblacion(2018)": 36743039
},
{
  "_id": {
    "$oid": "68901a877960956274df0bd4"
  },
  "pais": "Vietnam",
  "personas desnutridas": 8800000,
  "porcentaje de la poblacion": "0,91",
  "poblacion(2018)": 96237319
},
{
  "_id": {
    "$oid": "68901a877960956274df0bd5"
  },
  "pais": "Zimbabwe",
  "personas desnutridas": 8500000,
  "porcentaje de la poblacion": "5,65",
  "poblacion(2018)": 15034452
},
{
  "_id": {
    "$oid": "68901a877960956274df0bd6"
  },
  "pais": "Mozambique",
  "personas desnutridas": 8300000,
  "porcentaje de la poblacion": "2,86",
  "poblacion(2018)": 29018644
},
{
  "_id": {
    "$oid": "68901a877960956274df0bd7"
  },
  "pais": "Sudan",
  "personas desnutridas": 8199999,
  "porcentaje de la poblacion": "1,85",
  "poblacion(2018)": 44230596
},
{
  "_id": {
    "$oid": "68901a877960956274df0bd8"
  },
  "pais": "Zambia",
  "personas desnutridas": 8000000,
  "porcentaje de la poblacion": "4,45",
  "poblacion(2018)": 17973569
},
{
  "_id": {
    "$oid": "68901a877960956274df0bd9"
  },
  "pais": "Angola",
  "personas desnutridas": 7400000,
  "porcentaje de la poblacion": "2,36",
  "poblacion(2018)": 31297155
},
{
  "_id": {
    "$oid": "68901a877960956274df0bda"
  },
  "pais": "Venezuela",
  "personas desnutridas": 6800000,
  "porcentaje de la poblacion": "2,28",
  "poblacion(2018)": 29807592
},
{
  "_id": {
    "$oid": "68901a877960956274df0bdb"
  },
  "pais": "Myanmar",
  "personas desnutridas": 5700000,
  "porcentaje de la poblacion": "1,09",
  "poblacion(2018)": 52272247
},
{
  "_id": {
    "$oid": "68901a877960956274df0bdc"
  },
  "pais": "Chad",
  "personas desnutridas": 5600000,
  "porcentaje de la poblacion": "3,47",
  "poblacion(2018)": 16156531
},
{
  "_id": {
    "$oid": "68901a877960956274df0bdd"
  },
  "pais": "Thailand",
  "personas desnutridas": 5400000,
  "porcentaje de la poblacion": "0,76",
  "poblacion(2018)": 71376079
},
{
  "_id": {
    "$oid": "68901a877960956274df0bde"
  },
  "pais": "Haiti",
  "personas desnutridas": 5400000,
  "porcentaje de la poblacion": "4,93",
  "poblacion(2018)": 10962362
},
{
  "_id": {
    "$oid": "68901a877960956274df0bdf"
  },
  "pais": "Mexico",
  "personas desnutridas": 4700000,
  "porcentaje de la poblacion": "0,38",
  "poblacion(2018)": 124573711
},
{
  "_id": {
    "$oid": "68901a877960956274df0be0"
  },
  "pais": "Côte d'Ivoire",
  "personas desnutridas": 4600000,
  "porcentaje de la poblacion": "1,67",
  "poblacion(2018)": 27464173
},
{
  "_id": {
    "$oid": "68901a877960956274df0be1"
  },
  "pais": "Rwanda",
  "personas desnutridas": 4500000,
  "porcentaje de la poblacion": "0,36",
  "poblacion(2018)": 12487996
},
{
  "_id": {
    "$oid": "68901a877960956274df0be2"
  },
  "pais": "Egypt",
  "personas desnutridas": 4400000,
  "porcentaje de la poblacion": "0,42",
  "poblacion(2018)": 105682094
},
{
  "_id": {
    "$oid": "68901a877960956274df0be3"
  },
  "pais": "Iran",
  "personas desnutridas": 4000000,
  "porcentaje de la poblacion": "0,46",
  "poblacion(2018)": 86117998
},
{
  "_id": {
    "$oid": "68901a877960956274df0be4"
  },
  "pais": "Burkina Faso",
  "personas desnutridas": 3800000,
  "porcentaje de la poblacion": "1,86",
  "poblacion(2018)": 20438288
},
{
  "_id": {
    "$oid": "68901a877960956274df0be5"
  },
  "pais": "Niger",
  "personas desnutridas": 3600000,
  "porcentaje de la poblacion": "1,62",
  "poblacion(2018)": 22188069
},
{
  "_id": {
    "$oid": "68901a877960956274df0be6"
  },
  "pais": "South Africa",
  "personas desnutridas": 3500000,
  "porcentaje de la poblacion": "0,06",
  "poblacion(2018)": 58613001
},
{
  "_id": {
    "$oid": "68901a877960956274df0be7"
  },
  "pais": "Malawi",
  "personas desnutridas": 3300000,
  "porcentaje de la poblacion": "1,78",
  "poblacion(2018)": 18528081
},
{
  "_id": {
    "$oid": "68901a877960956274df0be8"
  },
  "pais": "Peru",
  "personas desnutridas": 3100000,
  "porcentaje de la poblacion": "0,97",
  "poblacion(2018)": 31897584
},
{
  "_id": {
    "$oid": "68901a877960956274df0be9"
  },
  "pais": "Central African Republic",
  "personas desnutridas": 2800000,
  "porcentaje de la poblacion": "5,74",
  "poblacion(2018)": 4878657
},
{
  "_id": {
    "$oid": "68901a877960956274df0bea"
  },
  "pais": "Cambodia",
  "personas desnutridas": 2600000,
  "porcentaje de la poblacion": "0,16",
  "poblacion(2018)": 16274522
},
{
  "_id": {
    "$oid": "68901a877960956274df0beb"
  },
  "pais": "Guatemala",
  "personas desnutridas": 2600000,
  "porcentaje de la poblacion": "1,54",
  "poblacion(2018)": 16845685
},
{
  "_id": {
    "$oid": "68901a877960956274df0bec"
  },
  "pais": "Nepal",
  "personas desnutridas": 2500000,
  "porcentaje de la poblacion": "0,89",
  "poblacion(2018)": 28079689
},
{
  "_id": {
    "$oid": "68901a877960956274df0bed"
  },
  "pais": "Colombia",
  "personas desnutridas": 2400000,
  "porcentaje de la poblacion": "0,49",
  "poblacion(2018)": 49024465
},
{
  "_id": {
    "$oid": "68901a877960956274df0bee"
  },
  "pais": "Cameroon",
  "personas desnutridas": 2400000,
  "porcentaje de la poblacion": "0,97",
  "poblacion(2018)": 24806383
},
{
  "_id": {
    "$oid": "68901a877960956274df0bef"
  },
  "pais": "Saudi Arabia",
  "personas desnutridas": 2300000,
  "porcentaje de la poblacion": "0,76",
  "poblacion(2018)": 30365121
},
{
  "_id": {
    "$oid": "68901a877960956274df0bf0"
  },
  "pais": "Argentina",
  "personas desnutridas": 2100000,
  "porcentaje de la poblacion": "0,47",
  "poblacion(2018)": 44654882
},
{
  "_id": {
    "$oid": "68901a877960956274df0bf1"
  },
  "pais": "Congo",
  "personas desnutridas": 2100000,
  "porcentaje de la poblacion": "3,83",
  "poblacion(2018)": 5483118
},
{
  "_id": {
    "$oid": "68901a877960956274df0bf2"
  },
  "pais": "Guinea",
  "personas desnutridas": 2100000,
  "porcentaje de la poblacion": "1,65",
  "poblacion(2018)": 12704774
},
{
  "_id": {
    "$oid": "68901a877960956274df0bf3"
  },
  "pais": "Uzbekistan",
  "personas desnutridas": 2000000,
  "porcentaje de la poblacion": "0,62",
  "poblacion(2018)": 32373490
},
{
  "_id": {
    "$oid": "68901a877960956274df0bf4"
  },
  "pais": "Bolivia",
  "personas desnutridas": 1900000,
  "porcentaje de la poblacion": "1,65",
  "poblacion(2018)": 11508368
},
{
  "_id": {
    "$oid": "68901a877960956274df0bf5"
  },
  "pais": "Sierra Leone",
  "personas desnutridas": 1900000,
  "porcentaje de la poblacion": "2,52",
  "poblacion(2018)": 7554563
},
{
  "_id": {
    "$oid": "68901a877960956274df0bf6"
  },
  "pais": "Sri Lanka",
  "personas desnutridas": 1900000,
  "porcentaje de la poblacion": "0,85",
  "poblacion(2018)": 22253118
},
{
  "_id": {
    "$oid": "68901a877960956274df0bf7"
  },
  "pais": "Senegal",
  "personas desnutridas": 1800000,
  "porcentaje de la poblacion": "1,13",
  "poblacion(2018)": 15914498
},
{
  "_id": {
    "$oid": "68901a877960956274df0bf8"
  },
  "pais": "Liberia",
  "personas desnutridas": 1800000,
  "porcentaje de la poblacion": "3,64",
  "poblacion(2018)": 4944726
},
{
  "_id": {
    "$oid": "68901a877960956274df0bf9"
  },
  "pais": "Algeria",
  "personas desnutridas": 1600000,
  "porcentaje de la poblacion": "0,38",
  "poblacion(2018)": 42505035
},
{
  "_id": {
    "$oid": "68901a877960956274df0bfa"
  },
  "pais": "Ghana",
  "personas desnutridas": 1600000,
  "porcentaje de la poblacion": "0,52",
  "poblacion(2018)": 30637585
},
{
  "_id": {
    "$oid": "68901a877960956274df0bfb"
  },
  "pais": "Ukraine",
  "personas desnutridas": 1500000,
  "porcentaje de la poblacion": "0,33",
  "poblacion(2018)": 45208907
},
{
  "_id": {
    "$oid": "68901a877960956274df0bfc"
  },
  "pais": "Ecuador",
  "personas desnutridas": 1300000,
  "porcentaje de la poblacion": "0,76",
  "poblacion(2018)": 17049547
},
{
  "_id": {
    "$oid": "68901a877960956274df0bfd"
  },
  "pais": "Togo",
  "personas desnutridas": 1300000,
  "porcentaje de la poblacion": "1,57",
  "poblacion(2018)": 8258778
},
{
  "_id": {
    "$oid": "68901a877960956274df0bfe"
  },
  "pais": "Mali",
  "personas desnutridas": 1200000,
  "porcentaje de la poblacion": "0,59",
  "poblacion(2018)": 20442030
},
{
  "_id": {
    "$oid": "68901a877960956274df0bff"
  },
  "pais": "Morocco",
  "personas desnutridas": 1200000,
  "porcentaje de la poblacion": "0,33",
  "poblacion(2018)": 35839760
},
{
  "_id": {
    "$oid": "68901a877960956274df0c00"
  },
  "pais": "Honduras",
  "personas desnutridas": 1200000,
  "porcentaje de la poblacion": "1,23",
  "poblacion(2018)": 9765210
},
{
  "_id": {
    "$oid": "68901a877960956274df0c01"
  },
  "pais": "Jordan",
  "personas desnutridas": 1200000,
  "porcentaje de la poblacion": "1,15",
  "poblacion(2018)": 10462306
},
{
  "_id": {
    "$oid": "68901a877960956274df0c02"
  },
  "pais": "Laos",
  "personas desnutridas": 1100000,
  "porcentaje de la poblacion": "1,54",
  "poblacion(2018)": 7128045
},
{
  "_id": {
    "$oid": "68901a877960956274df0c03"
  },
  "pais": "Nicaragua",
  "personas desnutridas": 1100000,
  "porcentaje de la poblacion": "1,72",
  "poblacion(2018)": 6400080
},
{
  "_id": {
    "$oid": "68901a877960956274df0c04"
  },
  "pais": "Benin",
  "personas desnutridas": 1100000,
  "porcentaje de la poblacion": "0,89",
  "poblacion(2018)": 12383347
},
{
  "_id": {
    "$oid": "68901a877960956274df0c05"
  },
  "pais": "Dominican Republic",
  "personas desnutridas": 1000000,
  "porcentaje de la poblacion": "0,93",
  "poblacion(2018)": 10782053
},
{
  "_id": {
    "$oid": "68901a877960956274df0c06"
  },
  "pais": "Malaysia",
  "personas desnutridas": 800000,
  "porcentaje de la poblacion": "0,24",
  "poblacion(2018)": 32910967
},
{
  "_id": {
    "$oid": "68901a877960956274df0c07"
  },
  "pais": "Taiwan",
  "personas desnutridas": 800000,
  "porcentaje de la poblacion": "0,34",
  "poblacion(2018)": 23659305
},
{
  "_id": {
    "$oid": "68901a877960956274df0c08"
  },
  "pais": "Namibia",
  "personas desnutridas": 700000,
  "porcentaje de la poblacion": "2,72",
  "poblacion(2018)": 2577327
},
{
  "_id": {
    "$oid": "68901a877960956274df0c09"
  },
  "pais": "Paraguay",
  "personas desnutridas": 700000,
  "porcentaje de la poblacion": "1,09",
  "poblacion(2018)": 6427382
},
{
  "_id": {
    "$oid": "68901a877960956274df0c0a"
  },
  "pais": "Lebanon",
  "personas desnutridas": 700000,
  "porcentaje de la poblacion": "1,17",
  "poblacion(2018)": 5984119
},
{
  "_id": {
    "$oid": "68901a877960956274df0c0b"
  },
  "pais": "Botswana",
  "personas desnutridas": 600000,
  "porcentaje de la poblacion": "2,61",
  "poblacion(2018)": 2299141
},
{
  "_id": {
    "$oid": "68901a877960956274df0c0c"
  },
  "pais": "El Salvador",
  "personas desnutridas": 600000,
  "porcentaje de la poblacion": "0,96",
  "poblacion(2018)": 6219807
},
{
  "_id": {
    "$oid": "68901a877960956274df0c0d"
  },
  "pais": "Mauritania",
  "personas desnutridas": 500000,
  "porcentaje de la poblacion": "1,15",
  "poblacion(2018)": 4337685
},
{
  "_id": {
    "$oid": "68901a877960956274df0c0e"
  },
  "pais": "Chile",
  "personas desnutridas": 500000,
  "porcentaje de la poblacion": "0,26",
  "poblacion(2018)": 18893191
},
{
  "_id": {
    "$oid": "68901a877960956274df0c0f"
  },
  "pais": "Tunisia",
  "personas desnutridas": 500000,
  "porcentaje de la poblacion": "0,42",
  "poblacion(2018)": 11765514
},
{
  "_id": {
    "$oid": "68901a877960956274df0c10"
  },
  "pais": "Serbia",
  "personas desnutridas": 500000,
  "porcentaje de la poblacion": "0,71",
  "poblacion(2018)": 7020019
},
{
  "_id": {
    "$oid": "68901a877960956274df0c11"
  },
  "pais": "Guinea-Bissau",
  "personas desnutridas": 500000,
  "porcentaje de la poblacion": "0,26",
  "poblacion(2018)": 1922168
},
{
  "_id": {
    "$oid": "68901a877960956274df0c12"
  },
  "pais": "Mongolia",
  "personas desnutridas": 400000,
  "porcentaje de la poblacion": "1,26",
  "poblacion(2018)": 3167706
},
{
  "_id": {
    "$oid": "68901a877960956274df0c13"
  },
  "pais": "Kyrgyzstan",
  "personas desnutridas": 400000,
  "porcentaje de la poblacion": "0,63",
  "poblacion(2018)": 6341732
},
{
  "_id": {
    "$oid": "68901a877960956274df0c14"
  },
  "pais": "Panama",
  "personas desnutridas": 400000,
  "porcentaje de la poblacion": "0,96",
  "poblacion(2018)": 4167860
},
{
  "_id": {
    "$oid": "68901a877960956274df0c15"
  },
  "pais": "Turkmenistan",
  "personas desnutridas": 300000,
  "porcentaje de la poblacion": "0,45",
  "poblacion(2018)": 6655524
},
{
  "_id": {
    "$oid": "68901a877960956274df0c16"
  },
  "pais": "Oman",
  "personas desnutridas": 300000,
  "porcentaje de la poblacion": "0,65",
  "poblacion(2018)": 4597877
},
{
  "_id": {
    "$oid": "68901a877960956274df0c17"
  },
  "pais": "Bulgaria",
  "personas desnutridas": 300000,
  "porcentaje de la poblacion": "0,43",
  "poblacion(2018)": 7024745
},
{
  "_id": {
    "$oid": "68901a877960956274df0c18"
  },
  "pais": "Georgia",
  "personas desnutridas": 300000,
  "porcentaje de la poblacion": "0,79",
  "poblacion(2018)": 3794877
},
{
  "_id": {
    "$oid": "68901a877960956274df0c19"
  },
  "pais": "Lesotho",
  "personas desnutridas": 300000,
  "porcentaje de la poblacion": "1,37",
  "poblacion(2018)": 2183603
},
{
  "_id": {
    "$oid": "68901a877960956274df0c1a"
  },
  "pais": "Eswatini",
  "personas desnutridas": 300000,
  "porcentaje de la poblacion": "2,57",
  "poblacion(2018)": 1168929
},
{
  "_id": {
    "$oid": "68901a877960956274df0c1b"
  },
  "pais": "Timor-Leste",
  "personas desnutridas": 300000,
  "porcentaje de la poblacion": "2,35",
  "poblacion(2018)": 1275959
},
{
  "_id": {
    "$oid": "68901a877960956274df0c1c"
  },
  "pais": "Gabon",
  "personas desnutridas": 200000,
  "porcentaje de la poblacion": "0,09",
  "poblacion(2018)": 2212318
},
{
  "_id": {
    "$oid": "68901a877960956274df0c1d"
  },
  "pais": "United Arab Emirates",
  "personas desnutridas": 200000,
  "porcentaje de la poblacion": "0,21",
  "poblacion(2018)": 9346870
},
{
  "_id": {
    "$oid": "68901a877960956274df0c1e"
  },
  "pais": "Costa Rica",
  "personas desnutridas": 200000,
  "porcentaje de la poblacion": "0,04",
  "poblacion(2018)": 4957818
},
{
  "_id": {
    "$oid": "68901a877960956274df0c1f"
  },
  "pais": "Slovakia",
  "personas desnutridas": 200000,
  "porcentaje de la poblacion": "0,37",
  "poblacion(2018)": 5443232
},
{
  "_id": {
    "$oid": "68901a877960956274df0c20"
  },
  "pais": "Albania",
  "personas desnutridas": 200000,
  "porcentaje de la poblacion": "0,69",
  "poblacion(2018)": 2894231
},
{
  "_id": {
    "$oid": "68901a877960956274df0c21"
  },
  "pais": "Djibouti",
  "personas desnutridas": 200000,
  "porcentaje de la poblacion": "1,87",
  "poblacion(2018)": 1071882
},
{
  "_id": {
    "$oid": "68901a877960956274df0c22"
  },
  "pais": "Jamaica",
  "personas desnutridas": 200000,
  "porcentaje de la poblacion": "0,71",
  "poblacion(2018)": 2820097
},
{
  "_id": {
    "$oid": "68901a877960956274df0c23"
  },
  "pais": "Gambia",
  "personas desnutridas": 200000,
  "porcentaje de la poblacion": "0,83",
  "poblacion(2018)": 2399632
},
{
  "_id": {
    "$oid": "68901a877960956274df0c24"
  },
  "pais": "Armenia",
  "personas desnutridas": 100000,
  "porcentaje de la poblacion": "0,34",
  "poblacion(2018)": 2909965
},
{
  "_id": {
    "$oid": "68901a877960956274df0c25"
  },
  "pais": "Kuwait",
  "personas desnutridas": 100000,
  "porcentaje de la poblacion": "0,23",
  "poblacion(2018)": 4323387
},
{
  "_id": {
    "$oid": "68901a877960956274df0c26"
  },
  "pais": "Guyana",
  "personas desnutridas": 50000,
  "porcentaje de la poblacion": "0,63",
  "poblacion(2018)": 791556
},
{
  "_id": {
    "$oid": "68901a877960956274df0c27"
  },
  "pais": "Suriname",
  "personas desnutridas": 50000,
  "porcentaje de la poblacion": "0,83",
  "poblacion(2018)": 599513
},
{
  "_id": {
    "$oid": "68901a877960956274df0c28"
  },
  "pais": "Estonia",
  "personas desnutridas": 50000,
  "porcentaje de la poblacion": "0,38",
  "poblacion(2018)": 1321965
},
{
  "_id": {
    "$oid": "68901a877960956274df0c29"
  },
  "pais": "Solomon Islands",
  "personas desnutridas": 50000,
  "porcentaje de la poblacion": "0,71",
  "poblacion(2018)": 709101
},
{
  "_id": {
    "$oid": "68901a877960956274df0c2a"
  },
  "pais": "North Macedonia",
  "personas desnutridas": 50000,
  "porcentaje de la poblacion": "0,26",
  "poblacion(2018)": 1919728
},
{
  "_id": {
    "$oid": "68901a877960956274df0c2b"
  },
  "pais": "Belize",
  "personas desnutridas": 50000,
  "porcentaje de la poblacion": "1,32",
  "poblacion(2018)": 380226
},
{
  "_id": {
    "$oid": "68901a877960956274df0c2c"
  },
  "pais": "New Caledonia",
  "personas desnutridas": 50000,
  "porcentaje de la poblacion": "1,76",
  "poblacion(2018)": 283541
},
{
  "_id": {
    "$oid": "68901a877960956274df0c2d"
  },
  "pais": "Fiji",
  "personas desnutridas": 50000,
  "porcentaje de la poblacion": "0,55",
  "poblacion(2018)": 917180
},
{
  "_id": {
    "$oid": "68901a877960956274df0c2e"
  },
  "pais": "Vanuatu",
  "personas desnutridas": 50000,
  "porcentaje de la poblacion": "1,75",
  "poblacion(2018)": 285259
},
{
  "_id": {
    "$oid": "68901a877960956274df0c2f"
  },
  "pais": "Cyprus",
  "personas desnutridas": 50000,
  "porcentaje de la poblacion": "0,39",
  "poblacion(2018)": 1270737
},
{
  "_id": {
    "$oid": "68901a877960956274df0c30"
  },
  "pais": "Brunei",
  "personas desnutridas": 50000,
  "porcentaje de la poblacion": "1,14",
  "poblacion(2018)": 437810
},
{
  "_id": {
    "$oid": "68901a877960956274df0c31"
  },
  "pais": "Trinidad and Tobago",
  "personas desnutridas": 50000,
  "porcentaje de la poblacion": "0,34",
  "poblacion(2018)": 1470518
},
{
  "_id": {
    "$oid": "68901a877960956274df0c32"
  },
  "pais": "French Polynesia",
  "personas desnutridas": 50000,
  "porcentaje de la poblacion": "1,79",
  "poblacion(2018)": 279815
},
{
  "_id": {
    "$oid": "68901a877960956274df0c33"
  },
  "pais": "Cabo Verde",
  "personas desnutridas": 50000,
  "porcentaje de la poblacion": "0,97",
  "poblacion(2018)": 513415
},
{
  "_id": {
    "$oid": "68901a877960956274df0c34"
  },
  "pais": "Samoa",
  "personas desnutridas": 50000,
  "porcentaje de la poblacion": "2,41",
  "poblacion(2018)": 207582
},
{
  "_id": {
    "$oid": "68901a877960956274df0c35"
  },
  "pais": "Mauritius",
  "personas desnutridas": 50000,
  "porcentaje de la poblacion": "0,39",
  "poblacion(2018)": 1288833
},
{
  "_id": {
    "$oid": "68901a877960956274df0c36"
  },
  "pais": "Sao Tome & Principe",
  "personas desnutridas": 50000,
  "porcentaje de la poblacion": "2,38",
  "poblacion(2018)": 210187
},
{
  "_id": {
    "$oid": "68901a877960956274df0c37"
  },
  "pais": "Kiribati",
  "personas desnutridas": 50000,
  "porcentaje de la poblacion": "0,41",
  "poblacion(2018)": 122084
},
{
  "_id": {
    "$oid": "68901a877960956274df0c38"
  },
  "pais": "Dominica",
  "personas desnutridas": 50000,
  "porcentaje de la poblacion": "7,33",
  "poblacion(2018)": 68174
},
{
  "_id": {
    "$oid": "68901a877960956274df0c39"
  },
  "pais": "Barbados",
  "personas desnutridas": 50000,
  "porcentaje de la poblacion": "1,78",
  "poblacion(2018)": 280711
},
{
  "_id": {
    "$oid": "68901a877960956274df0c3a"
  },
  "pais": "St. Vincent & Grenadines",
  "personas desnutridas": 50000,
  "porcentaje de la poblacion": "4,77",
  "poblacion(2018)": 104926
},
{
  "_id": {
    "$oid": "68901a877960956274df0c3b"
  },
  "pais": "Maldives",
  "personas desnutridas": 50000,
  "porcentaje de la poblacion": "1,06",
  "poblacion(2018)": 473099
},
{
  "_id": {
    "$oid": "68901a877960956274df0c3c"
  },
  "pais": "Macao",
  "personas desnutridas": 50000,
  "porcentaje de la poblacion": "0,76",
  "poblacion(2018)": 658772
}]