pais,reservas_2016,porcentaje_mundial
Venezuela,299953000000,18.17
Saudi Arabia,266578000000,16.15
Canada,170863000000,10.35
Iran,157530000000,9.54
Iraq,143069000000,8.67
Kuwait,101500000000,6.15
United Arab Emirates,97800000000,5.93
Russia,80000000000,4.85
Libya,48363000000,2.93
Nigeria,37070000000,2.25
United States,35230000000,2.13
Kazakhstan,30000000000,1.82
Qatar,25244000000,1.53
China,25132122000,1.52
Brazil,16184100000,0.98
Algeria,12200000000,0.74
Mexico,9711000000,0.59
Angola,8423000000,0.51
Ecuador,8273000000,0.5
Azerbaijan,7000000000,0.42
Oman,5306000000,0.32
Norway,5138767000,0.31
Sudan,5000000000,0.3
India,4728790000,0.29
Egypt,4400000000,0.27
Vietnam,4400000000,0.27
Indonesia,3692500000,0.22
Malaysia,3600000000,0.22
Yemen,3000000000,0.18
United Kingdom,2754685000,0.17
Uganda,2500000000,0.15
Syria,2500000000,0.15
Argentina,2379702000,0.14
Colombia,2308000000,0.14
Gabon,2000000000,0.12
Congo,1600000000,0.97
Chad,1500000000,0.91
Australia,1193000000,0.72
Equatorial Guinea,1100000000,0.67
Brunei,1100000000,0.67
Trinidad and Tobago,728300000,0.44
Peru,682681000,0.41
Ghana,660000000,0.4
Turkmenistan,600000000,0.36
Romania,600000000,0.36
Uzbekistan,594000000,0.36
Italy,579232000,0.35
Denmark,551000000,0.33
Tunisia,425000000,0.26
Thailand,404890000,0.25
Ukraine,395000000,0.24
Pakistan,353500000,0.21
Turkey,312000000,0.19
Bolivia,211450000,0.13
Cameroon,200000000,0.12
Belarus,198000000,0.12
Papua New Guinea,180249000,0.11
DR Congo,180000000,0.11
Albania,168332000,0.1
Niger,150000000,0.91
Chile,150000000,0.91
Spain,150000000,0.91
Netherlands,140892000,0.85
Philippines,138500000,0.84
Poland,137752000,0.83
Germany,132480000,0.8
Bahrain,124560000,0.75
Cuba,124000000,0.75
Côte d'Ivoire,100000000,0.61
Suriname,99980000,0.61
Guatemala,83070000,0.5
France,78431000,0.48
Serbia,77500000,0.47
Croatia,71000000,0.43
New Zealand,64100000,0.39
Myanmar,50000000,0.3
Austria,45400000,0.28
Japan,44115000,0.27
Kyrgyzstan,40000000,0.24
Georgia,35000000,0.21
Hungary,28600000,0.17
Bangladesh,28000000,0.17
Mauritania,20000000,0.12
South Africa,15000000,0.91
Bulgaria,15000000,0.91
Czech Republic (Czechia),15000000,0.91
Israel,13953000,0.85
Tajikistan,12000000,0.73
Lithuania,12000000,0.73
Greece,10000000,0.61
Slovakia,9000000,0.55
Benin,8000000,0.48
Belize,6700000,0.41
Taiwan,2380000,0.14
Barbados,2315000,0.14
Jordan,1000000,0.61
Morocco,684000,0.41
Ethiopia,428000,0.26
